dimension,correlation,abs_correlation,p_value
220,0.9898500471588697,0.9898500471588697,1.2654343627160339e-153
181,0.9885248756577698,0.9885248756577698,7.0255077554376725e-149
1137,-0.9870501626071988,0.9870501626071988,3.294966401982381e-144
652,0.9862304651397337,0.9862304651397337,7.723043333039668e-142
1158,0.9861062702266941,0.9861062702266941,1.7156325210064536e-141
1255,0.985017466304446,0.985017466304446,1.400162204455727e-138
1082,-0.9839491828186339,0.9839491828186339,6.3508795458640176e-136
1115,-0.9818991026158318,0.9818991026158318,2.727145644105883e-131
426,-0.9796052765772496,0.9796052765772496,1.0700026003721357e-126
1263,-0.9782926220028886,0.9782926220028886,2.683444876543274e-124
337,0.9768307346032791,0.9768307346032791,8.58794206506563e-122
568,-0.9767181292678504,0.9767181292678504,1.318792482827353e-121
456,0.9766869736649881,0.9766869736649881,1.4844220372327897e-121
1038,-0.9765564325311623,0.9765564325311623,2.4327044090708266e-121
374,-0.9765227369328934,0.9765227369328934,2.762285707509259e-121
1198,-0.9759247505750277,0.9759247505750277,2.555100475979679e-120
1184,-0.9752378027980051,0.9752378027980051,3.0742548671345836e-119
400,0.974550907728882,0.974550907728882,3.451931135663367e-118
825,0.9739518886380062,0.9739518886380062,2.6967172801305348e-117
540,-0.9734460587954744,0.9734460587954744,1.474578285853466e-116
183,-0.973306625923754,0.973306625923754,2.3417966785034426e-116
903,0.9726927943534841,0.9726927943534841,1.7435369426365096e-115
692,-0.9717367926962791,0.9717367926962791,3.635099156531208e-114
999,0.9712326726724796,0.9712326726724796,1.7297654822848524e-113
285,-0.9693664264394808,0.9693664264394808,4.4175381732331506e-111
786,-0.9686425864602509,0.9686425864602509,3.4591706094034324e-110
1132,-0.96847575668218,0.96847575668218,5.520761570517127e-110
194,-0.9681636249528336,0.9681636249528336,1.3150394155906867e-109
1155,0.9676593788788881,0.9676593788788881,5.248283859043025e-109
620,-0.9675591905115921,0.9675591905115921,6.891444269211477e-109
613,0.9674456323515339,0.9674456323515339,9.374340595079938e-109
62,0.9673107987692744,0.9673107987692744,1.3489416307100806e-108
433,-0.9673102777322792,0.9673102777322792,1.3508360212329678e-108
176,-0.9668639946881253,0.9668639946881253,4.456978783343971e-108
883,-0.9664128164152609,0.9664128164152609,1.4655351345423465e-107
423,-0.9658346247749814,0.9658346247749814,6.580377219132607e-107
215,0.9653887664079088,0.9653887664079088,2.0587154572141938e-106
531,0.9651809282357962,0.9651809282357962,3.485684053072681e-106
873,0.9649822006717862,0.9649822006717862,5.749885119525474e-106
1159,0.9649301921789617,0.9649301921789617,6.551481322882226e-106
256,-0.9648643473324519,0.9648643473324519,7.72638724210526e-106
713,-0.9647281163446935,0.9647281163446935,1.0858209943391305e-105
1119,0.9645828336437409,0.9645828336437409,1.5585480497264861e-105
731,0.9643578917659692,0.9643578917659692,2.7192952067590594e-105
899,0.9642617448620909,0.9642617448620909,3.4459427305575576e-105
953,0.963731364556057,0.963731364556057,1.257931253600835e-104
690,-0.9635403619517477,0.9635403619517477,1.9958269677282963e-104
1091,-0.9632915217730749,0.9632915217730749,3.6282148496910644e-104
102,0.9629628563180153,0.9629628563180153,7.939550051199828e-104
389,-0.9621612149473939,0.9621612149473939,5.207140803097073e-103
523,0.9620111938741813,0.9620111938741813,7.370494324146759e-103
1016,0.9616777695253167,0.9616777695253167,1.5874635923348335e-102
283,-0.9615953453438852,0.9615953453438852,1.9169841064597415e-102
217,0.9614415446034204,0.9614415446034204,2.722640690171367e-102
542,-0.9610468389972987,0.9610468389972987,6.655940326862942e-102
607,-0.9609019844587107,0.9609019844587107,9.218869766037635e-102
557,0.9604767876572503,0.9604767876572503,2.3815870815745176e-101
714,-0.9603792074059471,0.9603792074059471,2.9568071008824153e-101
1248,-0.9602930600978957,0.9602930600978957,3.5774624366062455e-101
849,-0.960262313168323,0.960262313168323,3.828828012027212e-101
1152,-0.960100379450217,0.960100379450217,5.470166150427018e-101
333,-0.9594821885858273,0.9594821885858273,2.1068161593298028e-100
359,0.9589000079101803,0.9589000079101803,7.359653859249727e-100
1105,0.9587486449158024,0.9587486449158024,1.0157963848946705e-99
40,-0.9586470867593783,0.9586470867593783,1.2601231046613916e-99
922,0.9584138006766929,0.9584138006766929,2.0632262571896773e-99
435,0.9583754188134478,0.9583754188134478,2.2369695343796256e-99
357,-0.9583751757051384,0.9583751757051384,2.2381148502964546e-99
978,-0.9582795608492569,0.9582795608492569,2.736594019139893e-99
155,-0.9573848961458098,0.9573848961458098,1.7561556258683647e-98
824,0.9573797558977492,0.9573797558977492,1.774808013111683e-98
893,-0.9573520519471441,0.9573520519471441,1.8787597526724387e-98
216,0.957222900083447,0.957222900083447,2.4484741464878827e-98
1241,0.95709408926529,0.95709408926529,3.186126269969278e-98
1088,0.9567540936521578,0.9567540936521578,6.36000433632852e-98
439,-0.956748670243484,0.956748670243484,6.430227791282953e-98
2,0.9566863264547658,0.9566863264547658,7.294625861410154e-98
1006,0.9565177699416807,0.9565177699416807,1.024938670588391e-97
974,-0.9560666514266181,0.9560666514266181,2.5299999484579605e-97
1120,-0.9555600389670447,0.9555600389670447,6.901327640197088e-97
287,0.9554398898837886,0.9554398898837886,8.740672366014159e-97
129,0.9553463458090826,0.9553463458090826,1.0501212543462571e-96
985,-0.9552077285893661,0.9552077285893661,1.3772740934282746e-96
1273,0.95471100009384,0.95471100009384,3.6144361401883454e-96
1157,-0.9539829818022775,0.9539829818022775,1.4579497964976561e-95
247,-0.9524030375993643,0.9524030375993643,2.787086615158241e-94
580,-0.9521782066148504,0.9521782066148504,4.2067633017660697e-94
1168,0.9521412194030142,0.9521412194030142,4.5006964667664546e-94
32,-0.9519943243488427,0.9519943243488427,5.882225385956266e-94
649,-0.9515234637496784,0.9515234637496784,1.379642950133713e-93
1201,0.9512041206352019,0.9512041206352019,2.447738519185551e-93
358,0.9511008834772918,0.9511008834772918,2.943769322950916e-93
795,-0.9507649816346775,0.9507649816346775,5.351243111448898e-93
800,-0.9507234504640496,0.9507234504640496,5.7599605469845295e-93
382,0.9500796384337872,0.9500796384337872,1.78825664108776e-92
1230,0.949490360723318,0.949490360723318,4.978395420377988e-92
1092,0.9494182018732561,0.9494182018732561,5.638621994054278e-92
37,-0.9493495280455515,0.9493495280455515,6.347036668193732e-92
816,0.9492498009907259,0.9492498009907259,7.534998335366942e-92
787,0.949245162284277,0.949245162284277,7.595307490902499e-92
1035,0.9490437628668272,0.9490437628668272,1.0728815140634948e-91
1214,-0.9483341641281321,0.9483341641281321,3.5831543948371524e-91
672,-0.9476485151737994,0.9476485151737994,1.1306568780669008e-90
484,0.9472114094374101,0.9472114094374101,2.3334286210336826e-90
829,0.9469987290930603,0.9469987290930603,3.312314783712219e-90
202,0.9469814973246902,0.9469814973246902,3.407458257308406e-90
1194,-0.9467070958320208,0.9467070958320208,5.342308981096152e-90
588,-0.9459977696567679,0.9459977696567679,1.689747121153421e-89
154,-0.945777870226619,0.945777870226619,2.407050718961152e-89
772,-0.9452823708152357,0.9452823708152357,5.313714043074275e-89
351,0.9451953675723023,0.9451953675723023,6.101743462932737e-89
29,-0.9450149624067944,0.9450149624067944,8.122136032443044e-89
481,-0.9445790657798242,0.9445790657798242,1.614655826131927e-88
815,-0.9444930159171118,0.9444930159171118,1.8480047210722716e-88
758,0.944335212051279,0.944335212051279,2.3657413470684355e-88
1165,0.9440270883721501,0.9440270883721501,3.823921265720875e-88
858,0.9440236910566919,0.9440236910566919,3.844162075319155e-88
505,-0.9439846458110035,0.9439846458110035,4.084528163547369e-88
1056,0.9436710165419677,0.9436710165419677,6.637966471384252e-88
279,-0.943462243471472,0.943462243471472,9.156943884610642e-88
1112,-0.9434308706035422,0.9434308706035422,9.609482966521782e-88
1191,-0.9431658128041135,0.9431658128041135,1.4428397691663368e-87
667,-0.9430569532141158,0.9430569532141158,1.7039967341412074e-87
339,-0.9425257392840685,0.9425257392840685,3.819517219046769e-87
1049,-0.9424399031780228,0.9424399031780228,4.348473917337319e-87
842,0.9423138546988661,0.9423138546988661,5.2589275562706165e-87
1074,0.9418853126171821,0.9418853126171821,1.0004675159811874e-86
1264,0.9413471315771819,0.9413471315771819,2.2283022111649707e-86
1076,-0.941331476866861,0.941331476866861,2.280556338575291e-86
284,0.9409807844485384,0.9409807844485384,3.826742233993359e-86
416,-0.9408826057725302,0.9408826057725302,4.420927713086603e-86
847,-0.94083038490663,0.94083038490663,4.7732168802355494e-86
238,0.9407816094006345,0.9407816094006345,5.127252143465072e-86
262,-0.9401164160757639,0.9401164160757639,1.3522109072798712e-85
612,0.9396850484080286,0.9396850484080286,2.521084487318047e-85
952,0.9394432219011146,0.9394432219011146,3.567652655554482e-85
451,0.9394401891725108,0.9394401891725108,3.583189086974183e-85
255,-0.9393705291784193,0.9393705291784193,3.9590399232628095e-85
805,-0.9392424398467711,0.9392424398467711,4.754579497147323e-85
602,-0.9391746939477994,0.9391746939477994,5.237223669456682e-85
498,0.9391277247425092,0.9391277247425092,5.599952825147622e-85
9,0.9389831546694772,0.9389831546694772,6.879496863164654e-85
353,0.9387815507326212,0.9387815507326212,9.158461664110277e-85
150,-0.9378320930731227,0.9378320930731227,3.4787863297157047e-84
308,-0.9378259289207792,0.9378259289207792,3.5088173775176774e-84
1154,0.9375805764490088,0.9375805764490088,4.936696716892034e-84
585,0.9375563321170652,0.9375563321170652,5.10570233674698e-84
1125,-0.9375389308094106,0.9375389308094106,5.230517480290043e-84
483,-0.9369909234290349,0.9369909234290349,1.1151579410070997e-83
237,-0.9368636161854079,0.9368636161854079,1.3282952262748357e-83
1207,0.9368098191181501,0.9368098191181501,1.4300301674720618e-83
375,-0.9355880360296831,0.9355880360296831,7.511796899375637e-83
241,-0.9355023201605783,0.9355023201605783,8.428544618358176e-83
1048,0.9353037579733712,0.9353037579733712,1.0998538653436532e-82
407,0.9350322334210022,0.9350322334210022,1.5805043000202753e-82
501,-0.9349031312359981,0.9349031312359981,1.876830257741913e-82
157,-0.9344153996246403,0.9344153996246403,3.580872186980634e-82
55,0.9339362277894305,0.9339362277894305,6.722530551418129e-82
293,0.9336802907115203,0.9336802907115203,9.392874018295376e-82
242,0.9334684266934787,0.9334684266934787,1.2376858785776387e-81
1000,-0.93336484502173,0.93336484502173,1.4159355318682242e-81
905,-0.9332826154316067,0.9332826154316067,1.575303755386477e-81
1196,0.933249404303697,0.933249404303697,1.6445827607419884e-81
1162,-0.932950964480066,0.932950964480066,2.4187356765693688e-81
794,0.9319365213710665,0.9319365213710665,8.857967668866752e-81
1234,0.9316775358569686,0.9316775358569686,1.2298773159728704e-80
888,0.9314541088252961,0.9314541088252961,1.6306889203381784e-80
486,0.9313985926047702,0.9313985926047702,1.7488295907396058e-80
437,0.930714124039802,0.930714124039802,4.1226957851525176e-80
1104,0.9301251415152326,0.9301251415152326,8.562803344219275e-80
8,0.9300382225892724,0.9300382225892724,9.532921875134208e-80
492,0.9296218811190272,0.9296218811190272,1.5909544493576086e-79
914,0.9295607518451305,0.9295607518451305,1.7147514999935342e-79
923,-0.9287364110033868,0.9287364110033868,4.6796567612809874e-79
511,-0.9283931104147387,0.9283931104147387,7.083543861286238e-79
634,0.9283073943296829,0.9283073943296829,7.853488984865103e-79
264,0.9280450972209289,0.9280450972209289,1.0760824468283453e-78
499,-0.9276501717037297,0.9276501717037297,1.7251117601357805e-78
543,0.9274699330525583,0.9274699330525583,2.1378506276262601e-78
562,-0.9273955896056659,0.9273955896056659,2.3352492482028387e-78
201,-0.9272292042393204,0.9272292042393204,2.8446471434311555e-78
16,0.9271291796085388,0.9271291796085388,3.202190217810385e-78
1240,0.9270708931602626,0.9270708931602626,3.430647240619188e-78
299,0.9265983689506893,0.9265983689506893,5.985405478270629e-78
864,-0.9261479895492615,0.9261479895492615,1.0138676590611254e-77
987,0.9257162024124553,0.9257162024124553,1.6751770980149365e-77
14,0.9256716177748987,0.9256716177748987,1.7640203119665915e-77
683,0.9254717327197788,0.9254717327197788,2.223049319026073e-77
91,-0.9252382044309563,0.9252382044309563,2.9103575536890012e-77
1010,-0.9251407179770501,0.9251407179770501,3.2559249263776442e-77
591,-0.9248155412934854,0.9248155412934854,4.728633719329141e-77
369,0.9242827833260515,0.9242827833260515,8.683209278101239e-77
319,0.9239153507042022,0.9239153507042022,1.317022137959871e-76
1279,-0.9238110320043867,0.9238110320043867,1.4818035403223908e-76
354,0.9235882084968989,0.9235882084968989,1.905038800469509e-76
920,0.9231629736493215,0.9231629736493215,3.0705604696217177e-76
907,0.9231260264091853,0.9231260264091853,3.200176818113415e-76
1244,0.9229357674360221,0.9229357674360221,3.95819739219411e-76
344,-0.9227679396680813,0.9227679396680813,4.7724253070166145e-76
90,0.9226547818586198,0.9226547818586198,5.412682014618234e-76
1171,0.9224702330533001,0.9224702330533001,6.643555022284862e-76
1103,0.9223614139495174,0.9223614139495174,7.494951547719759e-76
461,0.9222820755154264,0.9222820755154264,8.182793213819366e-76
709,-0.9221060055592806,0.9221060055592806,9.93989913320006e-76
725,0.9217254345522181,0.9217254345522181,1.5111442364611528e-75
153,-0.9210556027003758,0.9210556027003758,3.142497929086583e-75
1129,-0.9209731272700509,0.9209731272700509,3.437409786644104e-75
1005,0.9208136265691862,0.9208136265691862,4.087421134023766e-75
164,0.9208123738686018,0.9208123738686018,4.0929789817444797e-75
158,0.9207973037332889,0.9207973037332889,4.160428514293857e-75
314,-0.9207094600993381,0.9207094600993381,4.57601445450771e-75
780,-0.9205912482108879,0.9205912482108879,5.200631783677134e-75
506,0.9202335156132003,0.9202335156132003,7.650564840287296e-75
233,0.9201531985578556,0.9201531985578556,8.34109477516264e-75
759,-0.9199233057970859,0.9199233057970859,1.067645340929223e-74
1126,0.9198253381970676,0.9198253381970676,1.1858064152775728e-74
386,0.9189919890483661,0.9189919890483661,2.8804205105788574e-74
249,0.9186675608504479,0.9186675608504479,4.05874704905038e-74
875,-0.9182590323574374,0.9182590323574374,6.238146577758459e-74
453,0.9180787861867784,0.9180787861867784,7.535347917127987e-74
1275,-0.9178276745507793,0.9178276745507793,9.797038811682863e-74
119,-0.9177733331990854,0.9177733331990854,1.0368478192093806e-73
535,-0.9167600172229038,0.9167600172229038,2.9629357213757467e-73
644,-0.9165363881664927,0.9165363881664927,3.7288627271818406e-73
455,-0.9165171050590972,0.9165171050590972,3.8034132679215505e-73
627,-0.9162066601424066,0.9162066601424066,5.227523897339273e-73
1164,-0.9149409505656597,0.9149409505656597,1.8877408418029308e-72
549,-0.9145769265084667,0.9145769265084667,2.7209219470866736e-72
1027,-0.9144133088853408,0.9144133088853408,3.205156637804614e-72
518,-0.9144079182155511,0.9144079182155511,3.222481561636149e-72
85,0.9141425147222128,0.9141425147222128,4.200154454400148e-72
948,-0.9132095601277683,0.9132095601277683,1.0588677740466139e-71
1212,0.9131468424621672,0.9131468424621672,1.1263545092411e-71
207,0.9128875910712422,0.9128875910712422,1.4533796668736311e-71
1174,-0.9126053263322169,0.9126053263322169,1.9165401224662506e-71
966,0.9125992218121294,0.9125992218121294,1.928020521999266e-71
57,0.9115161060321082,0.9115161060321082,5.524988749708851e-71
225,-0.9114627970657382,0.9114627970657382,5.816785491956811e-71
270,0.9107515393516308,0.9107515393516308,1.1522809577151401e-70
771,0.9104191689435497,0.9104191689435497,1.582842061680631e-70
470,-0.9102975969190237,0.9102975969190237,1.777198286537129e-70
436,-0.910071129650804,0.910071129650804,2.2041550511463314e-70
643,0.9099962405936503,0.9099962405936503,2.3665121331003962e-70
24,-0.9099952113669965,0.9099952113669965,2.368823800501022e-70
212,-0.9099742430471003,0.9099742430471003,2.416407706743526e-70
432,-0.9084049090400195,0.9084049090400195,1.0560742451220849e-69
362,-0.908242786545547,0.908242786545547,1.2280226311551596e-69
528,-0.9080692685308676,0.9080692685308676,1.4427409964191358e-69
1252,-0.9080573926681518,0.9080573926681518,1.458723493670935e-69
380,-0.9075036693561515,0.9075036693561515,2.434113916529549e-69
867,-0.9069364715090241,0.9069364715090241,4.098950359426154e-69
420,0.9066491635580639,0.9066491635580639,5.330467473644095e-69
986,-0.9062679064232402,0.9062679064232402,7.54391246442193e-69
46,-0.9062606532195474,0.9062606532195474,7.593812292629103e-69
448,0.906035219203914,0.906035219203914,9.318248841300864e-69
615,-0.9054418990438939,0.9054418990438939,1.5928472482303884e-68
601,0.9053754241585175,0.9053754241585175,1.6910845186732838e-68
277,0.9045425679131154,0.9045425679131154,3.5660302363707415e-68
269,-0.9044422561306006,0.9044422561306006,3.899507869716385e-68
872,0.904017191309504,0.904017191309504,5.6892101299689194e-68
981,0.9040141941410114,0.9040141941410114,5.704346907287371e-68
1199,0.9039660357521352,0.9039660357521352,5.953089569004243e-68
466,-0.9037850691125685,0.9037850691125685,6.98731279276998e-68
717,0.9037027751703773,0.9037027751703773,7.51450293599896e-68
726,-0.9034139056781257,0.9034139056781257,9.695345656381638e-68
19,-0.9032690909172898,0.9032690909172898,1.1013087928488463e-67
493,-0.90247488149487,0.90247488149487,2.2074805259264762e-67
1085,-0.9022656557716788,0.9022656557716788,2.648624801627664e-67
1271,-0.902151763915575,0.902151763915575,2.924261299863863e-67
205,0.9015820206924534,0.9015820206924534,4.7897391740377387e-67
131,0.9013336110615628,0.9013336110615628,5.9338376902871555e-67
689,0.9009721833878589,0.9009721833878589,8.09545661857449e-67
328,0.9008010754243347,0.9008010754243347,9.374053818725829e-67
438,0.900783247567909,0.900783247567909,9.518231511206821e-67
450,-0.9005199826209046,0.9005199826209046,1.1920602277862906e-66
1023,-0.8999545162972743,0.8999545162972743,1.92893275712924e-66
823,-0.8991567284681887,0.8991567284681887,3.7852723847316635e-66
695,0.8979924187678253,0.8979924187678253,1.0023507931334605e-65
616,-0.897891085844177,0.897891085844177,1.0904002075975816e-65
773,0.8977893163065549,0.8977893163065549,1.1865089841659913e-65
590,-0.8976966717877067,0.8976966717877067,1.281248052217078e-65
442,-0.8975092827823589,0.8975092827823589,1.4962913257969e-65
22,0.897299394369612,0.897299394369612,1.7796514309206448e-65
1188,-0.8966918236821453,0.8966918236821453,2.9339134359160725e-65
1222,0.8965004439211447,0.8965004439211447,3.432068315981142e-65
671,0.8957896842621457,0.8957896842621457,6.1282970646332644e-65
268,-0.8957586725775,0.8957586725775,6.284693671226284e-65
520,0.8956402170634783,0.8956402170634783,6.919208219693681e-65
371,0.8953595477855527,0.8953595477855527,8.68623669168699e-65
168,0.8951435553302778,0.8951435553302778,1.034318576986631e-64
1243,-0.8950883820015356,0.8950883820015356,1.0814239731948767e-64
669,-0.8947657000332434,0.8947657000332434,1.402492172617551e-64
830,-0.8947351206577776,0.8947351206577776,1.437410902375803e-64
964,-0.8942859492741871,0.8942859492741871,2.0610351502295276e-64
1176,0.8936689325723909,0.8936689325723909,3.3722972361679934e-64
1169,-0.8934901282576144,0.8934901282576144,3.887302459524922e-64
1070,0.8930181406237149,0.8930181406237149,5.650015033814666e-64
1014,-0.892390421611292,0.892390421611292,9.265315520735932e-64
764,-0.8923572691207149,0.8923572691207149,9.509731341393313e-64
434,0.8921615832953839,0.8921615832953839,1.1087656546331089e-63
1187,0.8921467520586058,0.8921467520586058,1.121728179035853e-63
449,0.8919461626207136,0.8919461626207136,1.3124616979681133e-63
1102,0.8919388681915886,0.8919388681915886,1.319970295817201e-63
892,0.8916091760661221,0.8916091760661221,1.707487318182877e-63
1075,-0.8907838376618912,0.8907838376618912,3.2407045487801725e-63
1025,-0.8901271118291514,0.8901271118291514,5.376222450408571e-63
273,-0.8900736186199675,0.8900736186199675,5.601732954910653e-63
393,0.8895475840475646,0.8895475840475646,8.381378426908034e-63
356,0.8889973730818262,0.8889973730818262,1.2746907895696802e-62
265,0.8886607248044966,0.8886607248044966,1.6456737345172564e-62
179,-0.8886199573071026,0.8886199573071026,1.6972819470673524e-62
160,-0.8879362147917892,0.8879362147917892,2.8437527801004878e-62
125,0.8876880125439441,0.8876880125439441,3.426849214132911e-62
175,0.8876774885503463,0.8876774885503463,3.4540242728964917e-62
324,0.887403574370119,0.887403574370119,4.241211481871128e-62
583,-0.8873490134105118,0.8873490134105118,4.417972514837485e-62
509,-0.8871911451153323,0.8871911451153323,4.971425435623155e-62
515,0.8868370539111139,0.8868370539111139,6.473998268140064e-62
1134,0.8859026994986561,0.8859026994986561,1.2941566911609834e-61
629,0.885865387996924,0.885865387996924,1.3302848892425771e-61
792,-0.8855975810475639,0.8855975810475639,1.620506348336862e-61
606,0.8855556520564252,0.8855556520564252,1.6712825012409647e-61
133,0.8852082363018428,0.8852082363018428,2.1571059608416857e-61
1215,-0.885120210214138,0.885120210214138,2.3008799889460275e-61
697,-0.8849329985749006,0.8849329985749006,2.6388540754836316e-61
517,0.8846703428177605,0.8846703428177605,3.19704862146065e-61
149,-0.8844180408932637,0.8844180408932637,3.8424442621911276e-61
1009,-0.8835283304704327,0.8835283304704327,7.323854908372306e-61
894,0.8833569984276908,0.8833569984276908,8.287479667578072e-61
530,-0.8830066374727509,0.8830066374727509,1.0664434092017966e-60
1077,0.8829801973117737,0.8829801973117737,1.0868965724015292e-60
408,-0.8829369007283518,0.8829369007283518,1.121228715899543e-60
988,0.8824346411794971,0.8824346411794971,1.606869817921011e-60
1140,0.882427065619197,0.882427065619197,1.615594960517826e-60
1040,0.8813707515885282,0.8813707515885282,3.425181627546951e-60
345,0.881348864474089,0.881348864474089,3.478666429358181e-60
246,0.8812654735653744,0.8812654735653744,3.6901082785280446e-60
347,-0.8811684224902495,0.8811684224902495,3.9522009703116354e-60
861,0.8810718329439037,0.8810718329439037,4.2312762198648673e-60
556,-0.8805680695720027,0.8805680695720027,6.033966767733945e-60
77,-0.8804286784835926,0.8804286784835926,6.654695249329835e-60
472,0.8801913820455659,0.8801913820455659,7.859598551900914e-60
749,0.8797103525314699,0.8797103525314699,1.1001099957685003e-59
1015,-0.8794314519041306,0.8794314519041306,1.336046117757283e-59
376,0.8786501510766157,0.8786501510766157,2.296711182333291e-59
395,-0.8786223938221244,0.8786223938221244,2.3411835691827143e-59
18,-0.8785245186818481,0.8785245186818481,2.5048888071326507e-59
325,-0.8783711263676153,0.8783711263676153,2.7844551000803743e-59
539,0.8778124722610808,0.8778124722610808,4.088583143562574e-59
761,0.8775187304268056,0.8775187304268056,4.9999556398611855e-59
463,-0.877190792217185,0.877190792217185,6.255591035953458e-59
578,0.8761617155884698,0.8761617155884698,1.2583590343174852e-58
1266,0.8758354841788498,0.8758354841788498,1.5684293063685869e-58
597,0.8758321376497545,0.8758321376497545,1.5719721516087475e-58
854,-0.8756056260348645,0.8756056260348645,1.8310661731045984e-58
584,-0.8750854516635221,0.8750854516635221,2.596428569913406e-58
398,-0.8748676071156274,0.8748676071156274,3.0039592229775176e-58
405,0.8743203599429479,0.8743203599429479,4.3274624259287035e-58
346,0.8735470595374819,0.8735470595374819,7.227707729721775e-58
71,0.8730424738976291,0.8730424738976291,1.0082542785169236e-57
943,0.871972902985687,0.871972902985687,2.0322691798447265e-57
291,0.8718839940126973,0.8718839940126973,2.1535867257011393e-57
983,0.8718369753194374,0.8718369753194374,2.220606335299593e-57
622,-0.8708282469102158,0.8708282469102158,4.273118481463843e-57
700,-0.8706675873162935,0.8706675873162935,4.7402386174064483e-57
59,-0.8704752270887239,0.8704752270887239,5.36619354102269e-57
1270,0.8704384590952626,0.8704384590952626,5.494808545351411e-57
78,-0.8703995303701991,0.8703995303701991,5.634298579411317e-57
117,-0.8696178202822176,0.8696178202822176,9.30507372638076e-57
368,0.8689845662691613,0.8689845662691613,1.3937723941334853e-56
889,0.8684570883816219,0.8684570883816219,1.9483049868574832e-56
76,-0.867872810038674,0.867872810038674,2.8187291426597474e-56
1136,-0.8673230099460181,0.8673230099460181,3.9837052973563923e-56
121,-0.8673175005678548,0.8673175005678548,3.9975071330449703e-56
177,-0.867070700428241,0.867070700428241,4.666662422874062e-56
101,0.8669627947056865,0.8669627947056865,4.992897731428065e-56
947,0.8667362601711464,0.8667362601711464,5.752782713630024e-56
462,0.8665009838759786,0.8665009838759786,6.662818782631328e-56
931,0.8661669500647212,0.8661669500647212,8.203543688132626e-56
753,0.8659411697636961,0.8659411697636961,9.43905735860559e-56
755,-0.8655243321563008,0.8655243321563008,1.2221429804320444e-55
579,-0.8654170819392327,0.8654170819392327,1.305954402046812e-55
162,0.8643246750849107,0.8643246750849107,2.5581605519679977e-55
565,-0.8642791283744296,0.8642791283744296,2.630553444814848e-55
446,0.8641152049231589,0.8641152049231589,2.908227923470674e-55
979,0.8637364003084362,0.8637364003084362,3.6654020459265174e-55
1172,0.8635628246237926,0.8635628246237926,4.0744462296328835e-55
227,0.863181842909807,0.863181842909807,5.1368423833155014e-55
906,0.8625638182015317,0.8625638182015317,7.469470974408715e-55
843,0.8612572012437552,0.8612572012437552,1.6385137366406943e-54
1242,0.861169448185562,0.861169448185562,1.726782601778727e-54
301,0.8610901629476926,0.8610901629476926,1.8105599363568185e-54
245,0.8602971361242333,0.8602971361242333,2.903437905910274e-54
885,0.8591863676948913,0.8591863676948913,5.598548208977465e-54
1095,0.8586248384057261,0.8586248384057261,7.785860841703897e-54
1057,0.857854528363934,0.857854528363934,1.2212095309211148e-53
682,-0.8576731992899156,0.8576731992899156,1.357185359793106e-53
915,-0.8573543599198592,0.8573543599198592,1.633442358041533e-53
844,0.8569438107482257,0.8569438107482257,2.0721706942769385e-53
833,0.8567804486650841,0.8567804486650841,2.277449456149778e-53
142,-0.8548219332201027,0.8548219332201027,7.003913270169495e-53
564,-0.8541458880643242,0.8541458880643242,1.0282313789289866e-52
724,0.8540014365583686,0.8540014365583686,1.1158643404975478e-52
198,-0.8536075657424096,0.8536075657424096,1.3940224804189721e-52
820,0.8529866305664309,0.8529866305664309,1.977319926166486e-52
338,0.8525570194096818,0.8525570194096818,2.5159401414533644e-52
572,-0.8523983150594034,0.8523983150594034,2.7495749236401854e-52
628,0.8517085924333426,0.8517085924333426,4.03965858199432e-52
793,-0.8512346053606035,0.8512346053606035,5.256211622988392e-52
404,-0.8511011605743773,0.8511011605743773,5.6596386068245316e-52
145,0.8508015598152447,0.8508015598152447,6.6800329029945066e-52
330,-0.8506803530463227,0.8506803530463227,7.142628523597856e-52
657,-0.8506742106897079,0.8506742106897079,7.166894771717119e-52
1059,0.8506158020295113,0.8506158020295113,7.401749388946319e-52
410,0.8505880174015953,0.8505880174015953,7.516117856376974e-52
1096,-0.850260381691722,0.850260381691722,9.003614821432576e-52
209,-0.8502365514293329,0.8502365514293329,9.122495054107439e-52
743,-0.8487312604100324,0.8487312604100324,2.0795350865003464e-51
774,0.8483388062384005,0.8483388062384005,2.5740952476542297e-51
1052,-0.8480678508467794,0.8480678508467794,2.981564425730974e-51
600,0.8479924073103794,0.8479924073103794,3.105929962935165e-51
1144,0.8479099071698546,0.8479099071698546,3.2477911639397717e-51
1034,-0.8476161477836743,0.8476161477836743,3.806798426471885e-51
298,-0.8472544792975556,0.8472544792975556,4.6267542083772667e-51
84,-0.8468170264610669,0.8468170264610669,5.85398452751552e-51
65,0.8459872855155267,0.8459872855155267,9.128044410392201e-51
1175,-0.8445775306704885,0.8445775306704885,1.9300460422530787e-50
1232,-0.8438647505185957,0.8438647505185957,2.8103246517901757e-50
1237,-0.8434363125290388,0.8434363125290388,3.5192744221514267e-50
214,0.8431308414813954,0.8431308414813954,4.1298148672217794e-50
290,-0.8425195572111608,0.8425195572111608,5.682222717960871e-50
659,-0.8423486714536926,0.8423486714536926,6.21090733293129e-50
1277,0.841562394935313,0.841562394935313,9.339829265754851e-50
1206,-0.8415613020381597,0.8415613020381597,9.34511270904833e-50
411,-0.8414672571358561,0.8414672571358561,9.810976739772593e-50
851,0.8408426218604618,0.8408426218604618,1.354226084819292e-49
1239,-0.8408068096566841,0.8408068096566841,1.3794255452478051e-49
1122,-0.8404513196339449,0.8404513196339449,1.6560497824606318e-49
1086,0.8397004868390712,0.8397004868390712,2.4326769414218356e-49
25,-0.8392722338780815,0.8392722338780815,3.0266169476119357e-49
42,0.8390370863905782,0.8390370863905782,3.4113993052069707e-49
482,-0.8386901077384724,0.8386901077384724,4.068865801168023e-49
66,-0.838427923397828,0.838427923397828,4.647174764850577e-49
646,-0.8383578405078269,0.8383578405078269,4.8150316088348876e-49
790,-0.8374542024343228,0.8374542024343228,7.596928784287872e-49
190,-0.8373561979996288,0.8373561979996288,7.980745518015824e-49
533,0.8372286034153457,0.8372286034153457,8.509233282651084e-49
926,-0.8362376948087238,0.8362376948087238,1.3974483351533433e-48
6,0.8346244401784483,0.8346244401784483,3.111952086390799e-48
902,-0.8335720942238001,0.8335720942238001,5.221878178974781e-48
17,0.8317699558815254,0.8317699558815254,1.256487935823656e-47
871,-0.8308865756812303,0.8308865756812303,1.9250101202843468e-47
1217,-0.8307865097918843,0.8307865097918843,2.0200056997109005e-47
545,-0.8304198040191273,0.8304198040191273,2.409341619763647e-47
108,-0.8298924362792857,0.8298924362792857,3.102126773643701e-47
822,0.8292653900443298,0.8292653900443298,4.1848205266765914e-47
403,0.8287261365031493,0.8287261365031493,5.408383754325863e-47
608,-0.828455595841978,0.828455595841978,6.149008645866142e-47
360,0.8283898568094458,0.8283898568094458,6.343575664828849e-47
625,0.827907577717043,0.827907577717043,7.969132383184273e-47
440,-0.8277028051388298,0.8277028051388298,8.777791465742769e-47
648,-0.8275746217260606,0.8275746217260606,9.3246399083923e-47
318,-0.8274791475254533,0.8274791475254533,9.753652304330712e-47
972,0.827214885436515,0.827214885436515,1.1045261384026445e-46
480,-0.826787569972122,0.826787569972122,1.3499415738418167e-46
1246,0.8265193305811837,0.8265193305811837,1.5307099059409572e-46
366,0.8262096989512564,0.8262096989512564,1.7691972735910845e-46
99,0.8261534185645344,0.8261534185645344,1.8163223133667826e-46
165,0.8260114047488242,0.8260114047488242,1.940808196389782e-46
993,-0.8242795162844598,0.8242795162844598,4.335010884843666e-46
798,-0.8239882796362056,0.8239882796362056,4.9579667671066196e-46
1147,0.823315677050539,0.823315677050539,6.754093544445052e-46
1011,-0.8232793437800979,0.8232793437800979,6.8675783413103606e-46
599,-0.8226276583707263,0.8226276583707263,9.253795592143215e-46
48,0.8224116582225546,0.8224116582225546,1.0212471839750507e-45
123,-0.8223015124519807,0.8223015124519807,1.073839279802749e-45
859,0.8220281146986237,0.8220281146986237,1.2162023735917191e-45
161,-0.8213597406989831,0.8213597406989831,1.6473767248924274e-45
945,-0.8184617741028449,0.8184617741028449,6.052036464385353e-45
522,0.8179739102177719,0.8179739102177719,7.516987582459202e-45
1022,0.817912464210851,0.817912464210851,7.724688072608994e-45
28,-0.8172696733575264,0.8172696733575264,1.0266976122042845e-44
1066,0.817256545073257,0.817256545073257,1.0326688761140215e-44
766,0.8171423448460093,0.8171423448460093,1.086077384122468e-44
694,-0.8165564009490021,0.8165564009490021,1.405996900607166e-44
834,-0.8159277189380638,0.8159277189380638,1.8528528425982394e-44
860,-0.8152953123871756,0.8152953123871756,2.443124892804253e-44
431,-0.815038813551435,0.815038813551435,2.732296437353138e-44
485,-0.8141098359228395,0.8141098359228395,4.09119800602359e-44
746,-0.812358278947978,0.812358278947978,8.704753517534813e-44
519,0.8118399696114473,0.8118399696114473,1.0867494513625716e-43
990,-0.8114666353428153,0.8114666353428153,1.2745633941112607e-43
971,-0.8113448592412337,0.8113448592412337,1.3424884663160275e-43
751,0.8112141248669079,0.8112141248669079,1.4193851784551913e-43
502,0.8107556810525655,0.8107556810525655,1.724952794278264e-43
1121,-0.8098673495547399,0.8098673495547399,2.5130531453463472e-43
1142,0.8094485097644528,0.8094485097644528,2.9988644815179703e-43
1186,-0.8094337046797275,0.8094337046797275,3.017633504839138e-43
840,0.8085630300280398,0.8085630300280398,4.351141451113579e-43
137,-0.8065764607505291,0.8065764607505291,9.958861502747714e-43
1268,-0.806209751860747,0.806209751860747,1.1591382728345921e-42
569,0.8056079744715026,0.8056079744715026,1.485989985102188e-42
852,-0.8049357009450394,0.8049357009450394,1.9592467071091444e-42
989,0.8045478126920302,0.8045478126920302,2.2969756771856927e-42
593,-0.8045176531643363,0.8045176531643363,2.3255201128536615e-42
185,0.8042794360996594,0.8042794360996594,2.5636151021538387e-42
1141,-0.8037894869099801,0.8037894869099801,3.131389663504339e-42
650,0.8035763647891393,0.8035763647891393,3.415499266904472e-42
363,-0.8034472735307567,0.8034472735307567,3.599792676578455e-42
118,-0.8033985979784108,0.8033985979784108,3.671799073625489e-42
1109,0.8032666597214202,0.8032666597214202,3.8741952200324616e-42
489,-0.8030295900840709,0.8030295900840709,4.2658710127996557e-42
538,0.8020147648834257,0.8020147648834257,6.432969579422133e-42
589,0.801443457424503,0.801443457424503,8.098243937595688e-42
370,0.8013075501329183,0.8013075501329183,8.553163360287088e-42
430,-0.801296568276457,0.801296568276457,8.591003986977577e-42
56,0.8012166124324713,0.8012166124324713,8.871530795434918e-42
258,0.8008611970350326,0.8008611970350326,1.0231800914009567e-41
206,0.800440954957002,0.800440954957002,1.2107212578641297e-41
476,0.8002464945767407,0.8002464945767407,1.3086012125739897e-41
1179,-0.7991845890145945,0.7991845890145945,1.9976756502976719e-41
567,-0.797746832485919,0.797746832485919,3.527909041781873e-41
68,0.7965427725329033,0.7965427725329033,5.66020900011063e-41
372,0.7961781607897368,0.7961781607897368,6.527293842596687e-41
1029,0.7951996273463627,0.7951996273463627,9.55518658851794e-41
326,0.7938387942212431,0.7938387942212431,1.6177621804229836e-40
760,0.7936343274540325,0.7936343274540325,1.7503492623414555e-40
882,-0.793373215283394,0.793373215283394,1.9353348971823835e-40
1260,0.7926169437643666,0.7926169437643666,2.5868650099845168e-40
1267,-0.7924509017857743,0.7924509017857743,2.756583523958354e-40
1278,0.790210296699976,0.790210296699976,6.461427214921899e-40
139,0.7894648799254526,0.7894648799254526,8.558694528893469e-40
305,-0.7891786440243009,0.7891786440243009,9.531337601682476e-40
240,0.7889342315064326,0.7889342315064326,1.0447499790600331e-39
83,-0.7887102562657317,0.7887102562657317,1.1362963971444779e-39
50,-0.788004251813112,0.788004251813112,1.4797580356979545e-39
352,-0.7871260489779585,0.7871260489779585,2.0523726422424638e-39
630,-0.7868070485535829,0.7868070485535829,2.310437073267572e-39
668,-0.7866124301075896,0.7866124301075896,2.4833188869639502e-39
469,-0.7857573263774528,0.7857573263774528,3.406729760393217e-39
747,-0.7849979525991946,0.7849979525991946,4.505521463253257e-39
802,-0.7846919790952774,0.7846919790952774,5.041090147920207e-39
1218,0.7835523763338881,0.7835523763338881,7.647256957447409e-39
73,0.7823886565127811,0.7823886565127811,1.1673191721133692e-38
297,0.7821167733154839,0.7821167733154839,1.2880755571500906e-38
87,-0.7820733709122066,0.7820733709122066,1.3084597767736353e-38
619,-0.7820635712016517,0.7820635712016517,1.313106079698729e-38
317,-0.7819707275792993,0.7819707275792993,1.3579402271351098e-38
941,-0.7818875134111694,0.7818875134111694,1.3994040973857258e-38
1143,0.7808139798412916,0.7808139798412916,2.0603802533661422e-38
566,-0.7805677452283527,0.7805677452283527,2.2508603831087727e-38
1269,0.7800597500662503,0.7800597500662503,2.700321640154802e-38
89,-0.7788204564637101,0.7788204564637101,4.201697862008853e-38
1046,0.7783394651230358,0.7783394651230358,4.984397773704275e-38
152,0.7783293430691962,0.7783293430691962,5.002325136088127e-38
54,0.7768755545597306,0.7768755545597306,8.36115237836943e-38
1213,-0.7766369908506404,0.7766369908506404,9.093161665755658e-38
740,-0.7765280996692688,0.7765280996692688,9.447932990325557e-38
720,-0.776406064258048,0.776406064258048,9.86175004117736e-38
716,-0.7761302146870276,0.7761302146870276,1.0864083721963702e-37
756,0.7753871021766169,0.7753871021766169,1.4091098411056618e-37
1090,0.7748460003316437,0.7748460003316437,1.7018428194744298e-37
801,-0.77455709580026,0.77455709580026,1.8818883049329286e-37
577,-0.7742727465972514,0.7742727465972514,2.077381779738071e-37
401,-0.7732504983859555,0.7732504983859555,2.960113823912294e-37
1050,0.7721220980746821,0.7721220980746821,4.366559184951697e-37
595,-0.7703372651264625,0.7703372651264625,8.039200231359946e-37
890,-0.7699105847358586,0.7699105847358586,9.294509242413756e-37
1190,-0.7694894592186172,0.7694894592186172,1.0722265545564598e-36
1036,-0.7688294433919962,0.7688294433919962,1.3405599982002715e-36
80,0.7683455490992682,0.7683455490992682,1.5783287694154835e-36
767,0.7677503009242977,0.7677503009242977,1.9283704540091265e-36
1108,-0.7672874080432457,0.7672874080432457,2.2524796642519247e-36
609,0.7663941215273227,0.7663941215273227,3.0368499229750204e-36
884,-0.7659272361728802,0.7659272361728802,3.54825511366603e-36
1067,0.7658016549178727,0.7658016549178727,3.699717119774189e-36
705,-0.7641515118337532,0.7641515118337532,6.392307410726883e-36
881,-0.7641380756454548,0.7641380756454548,6.420715329772778e-36
664,-0.7629492341837811,0.7629492341837811,9.494451902720535e-36
81,0.7617316785288776,0.7617316785288776,1.413933932253364e-35
841,-0.7609230860532276,0.7609230860532276,1.8395945554619438e-35
633,0.7608794751912635,0.7608794751912635,1.8658363246636058e-35
598,0.7603529941947986,0.7603529941947986,2.2132549087325747e-35
970,-0.7596641464509969,0.7596641464509969,2.76548619372498e-35
1073,0.7579063129381286,0.7579063129381286,4.865964609226844e-35
552,-0.7578306476255531,0.7578306476255531,4.985227146252927e-35
134,0.7574758798459341,0.7574758798459341,5.583921368036799e-35
576,-0.7568000192874028,0.7568000192874028,6.926895019534326e-35
651,-0.7562509161788803,0.7562509161788803,8.248183308543687e-35
1008,0.7559421035994773,0.7559421035994773,9.097259714729914e-35
797,-0.755642931534242,0.755642931534242,1.0001705306031228e-34
1058,0.7556023859163835,0.7556023859163835,1.0130904197187358e-34
36,0.7546160572534361,0.7546160572534361,1.3832878185726953e-34
424,-0.7545865884232729,0.7545865884232729,1.396188382077144e-34
468,0.7531959696998999,0.7531959696998999,2.160430028923345e-34
1193,-0.7517488856652533,0.7517488856652533,3.3923476284526716e-34
635,-0.7490865620877967,0.7490865620877967,7.718280029330103e-34
213,0.7490445257266308,0.7490445257266308,7.818467388545535e-34
1250,-0.7482586706461417,0.7482586706461417,9.945529783576493e-34
1020,0.7475492180445135,0.7475492180445135,1.2349294329960485e-33
707,0.747388915121213,0.747388915121213,1.2967059959992434e-33
1138,0.7467107766748372,0.7467107766748372,1.5934780773390522e-33
554,0.7463081891026349,0.7463081891026349,1.8003103765572348e-33
251,0.7461022924170227,0.7461022924170227,1.9160877984692794e-33
968,-0.7456300082742502,0.7456300082742502,2.2100667556911375e-33
67,0.7450088099616098,0.7450088099616098,2.6652207279878963e-33
857,-0.7445148261712372,0.7445148261712372,3.091988833093165e-33
5,0.7440848308302064,0.7440848308302064,3.5177606776347605e-33
956,0.7424913746977442,0.7424913746977442,5.661352892342203e-33
930,0.7382265693226095,0.7382265693226095,1.9888209107635826e-32
170,-0.7376546088390336,0.7376546088390336,2.3494616440764158e-32
1227,0.7346332401434377,0.7346332401434377,5.625521754484771e-32
402,-0.734610237626274,0.734610237626274,5.662781728202214e-32
11,0.7345927412980429,0.7345927412980429,5.691285198404792e-32
272,-0.7329618926590259,0.7329618926590259,9.072024850380322e-32
846,0.7327303172325771,0.7327303172325771,9.690298361686408e-32
663,0.7326606130991706,0.7326606130991706,9.884388458016387e-32
1178,-0.7320440429937087,0.7320440429937087,1.177648923175596e-31
582,0.7308350699744013,0.7308350699744013,1.6578927633181646e-31
997,0.730799140888882,0.730799140888882,1.6747830637793245e-31
727,-0.7304714026913695,0.7304714026913695,1.8368818574813505e-31
524,0.730297972969905,0.730297972969905,1.928808910714731e-31
897,0.7302161442073543,0.7302161442073543,1.9737401858224925e-31
559,-0.7299488613298909,0.7299488613298909,2.127799679360191e-31
1276,0.7294011196927827,0.7294011196927827,2.481416598969974e-31
163,0.7291857111686826,0.7291857111686826,2.6358033798637107e-31
1258,0.7290486262935203,0.7290486262935203,2.7389363152624345e-31
335,-0.7278344260947398,0.7278344260947398,3.8439714764063963e-31
1083,-0.7264671763165893,0.7264671763165893,5.6180469823436535e-31
69,0.7261979788842859,0.7261979788842859,6.052243369419034e-31
765,0.7260925275355228,0.7260925275355228,6.231186652640996e-31
288,0.7259586269181301,0.7259586269181301,6.465924213376489e-31
662,-0.7256410852065469,0.7256410852065469,7.057943050526925e-31
1210,0.7236011618227433,0.7236011618227433,1.2354744577645655e-30
341,-0.7235045240559258,0.7235045240559258,1.2685243180723919e-30
271,-0.7232872765949775,0.7232872765949775,1.3460311470079503e-30
762,0.7229195130032412,0.7229195130032412,1.4879910663714596e-30
221,-0.7218846032394699,0.7218846032394699,1.9713487355466975e-30
120,0.7218744910741131,0.7218744910741131,1.976762051139842e-30
962,-0.7216068907732891,0.7216068907732891,2.1254518584268895e-30
1225,-0.721544513736347,0.721544513736347,2.1616622288558258e-30
955,0.7213783357681605,0.7213783357681605,2.2611185558912927e-30
958,-0.719522932200427,0.719522932200427,3.728051641549024e-30
1221,0.717208519217032,0.717208519217032,6.917070548312249e-30
684,-0.7171444324822376,0.7171444324822376,7.035860268107429e-30
660,-0.7160095649970127,0.7160095649970127,9.504560046666934e-30
1007,-0.7158271480253263,0.7158271480253263,9.973953333737845e-30
228,-0.7153035253859917,0.7153035253859917,1.1451710136960404e-29
963,-0.7135549758745398,0.7135549758745398,1.812448591990223e-29
385,0.713390320238751,0.713390320238751,1.8921924522865496e-29
197,0.712647310763273,0.712647310763273,2.2971209153995255e-29
807,0.7120538252538547,0.7120538252538547,2.6807881054968883e-29
1093,0.7109138354930918,0.7109138354930918,3.6027553152297526e-29
43,-0.7079128566882636,0.7079128566882636,7.791384134686295e-29
1039,-0.7048726873659632,0.7048726873659632,1.6852739448291962e-28
166,0.7047112028612886,0.7047112028612886,1.755287626304527e-28
452,-0.7037395182487534,0.7037395182487534,2.241130681585001e-28
637,-0.7018280730283082,0.7018280730283082,3.6138169230730756e-28
379,0.7016575035985115,0.7016575035985115,3.77052933907817e-28
323,0.7008686587693344,0.7008686587693344,4.586650625907818e-28
361,-0.699970253251838,0.699970253251838,5.728866283875752e-28
235,-0.6992068352408364,0.6992068352408364,6.915911065742367e-28
796,-0.6988074571013604,0.6988074571013604,7.630092201433852e-28
1149,-0.6976714009869603,0.6976714009869603,1.0082139496620602e-27
1146,0.6974415442331436,0.6974415442331436,1.0665230217574055e-27
573,-0.6955981149113265,0.6955981149113265,1.6709512581310447e-27
750,0.6942259202122103,0.6942259202122103,2.32893220101904e-27
44,-0.6933803609086946,0.6933803609086946,2.8550112466895346e-27
113,0.6928658421615137,0.6928658421615137,3.2305807910025466e-27
1173,0.6913466930561813,0.6913466930561813,4.6462022954603715e-27
745,0.690580821313648,0.690580821313648,5.575609093573099e-27
458,0.690403524256636,0.690403524256636,5.815545918598496e-27
686,0.6901260486666649,0.6901260486666649,6.21156923395948e-27
655,0.6890095595029577,0.6890095595029577,8.090949749869006e-27
741,-0.6883971900782676,0.6883971900782676,9.348544739388173e-27
737,-0.6883419033980671,0.6883419033980671,9.47111595212488e-27
418,-0.6857542604246748,0.6857542604246748,1.7368960707544308e-26
467,-0.6855148644615584,0.6855148644615584,1.8365450180425107e-26
837,0.683456030756033,0.683456030756033,2.960782362037975e-26
571,0.6832134223792009,0.6832134223792009,3.1313695188018167e-26
729,0.6817653679293965,0.6817653679293965,4.369693689317951e-26
1031,0.6801647295440797,0.6801647295440797,6.301575321878259e-26
21,-0.678385020010228,0.678385020010228,9.44177861346725e-26
26,-0.6783630412874063,0.6783630412874063,9.488875309718222e-26
954,-0.6776514422666281,0.6776514422666281,1.1144925340075825e-25
674,-0.6763724189682515,0.6763724189682515,1.486467111856786e-25
1236,0.6756598883377888,0.6756598883377888,1.744063247568646e-25
1156,-0.6755055796922633,0.6755055796922633,1.8053760671764784e-25
1262,-0.6749341970290214,0.6749341970290214,2.0514056510652625e-25
300,-0.6741580750294089,0.6741580750294089,2.439031937156651e-25
895,-0.6739631962049186,0.6739631962049186,2.5471541237839885e-25
887,-0.673258967604244,0.673258967604244,2.9785775913496826e-25
721,0.6691509837049702,0.6691509837049702,7.357011022311254e-25
676,0.6689999562390097,0.6689999562390097,7.603598690183603e-25
267,0.6684846176777585,0.6684846176777585,8.507686074419072e-25
1249,0.6672289859445691,0.6672289859445691,1.1176029457267089e-24
934,0.6668848680703612,0.6668848680703612,1.2040836239419232e-24
146,-0.6667860933107671,0.6667860933107671,1.230098388428657e-24
105,0.6665019524659611,0.6665019524659611,1.3080509406767274e-24
41,0.6653898284942444,0.6653898284942444,1.662599449467353e-24
900,0.6652780174808929,0.6652780174808929,1.703080981301253e-24
104,0.66523291354041,0.66523291354041,1.719683623481554e-24
203,-0.664782247449811,0.664782247449811,1.894549987328427e-24
532,0.6633174209488086,0.6633174209488086,2.5924200682844333e-24
33,0.6629807456866342,0.6629807456866342,2.7854872762386033e-24
866,0.6618946166736037,0.6618946166736037,3.5096678384453344e-24
196,0.6613227020100163,0.6613227020100163,3.9622944884142214e-24
1064,0.6611870039382237,0.6611870039382237,4.07783249085914e-24
710,-0.6609650500438573,0.6609650500438573,4.273980911039846e-24
546,0.6606073943086748,0.6606073943086748,4.6097122068649804e-24
1051,-0.6605901333297448,0.6605901333297448,4.6265540720184965e-24
303,-0.6596103220811295,0.6596103220811295,5.688425184265529e-24
1204,-0.6594653996980945,0.6594653996980945,5.864568587573052e-24
1153,0.6592554821395006,0.6592554821395006,6.12924285016524e-24
257,0.6569853022268853,0.6569853022268853,9.857246460278938e-24
322,0.6567122261578522,0.6567122261578522,1.0434153144693191e-23
496,-0.6566508427234271,0.6566508427234271,1.0568326785388078e-23
309,0.6558069154207056,0.6558069154207056,1.2594065814239563e-23
1124,0.6546157333382292,0.6546157333382292,1.61157313337231e-23
343,0.6545611486714801,0.6545611486714801,1.6298419048002006e-23
27,-0.6543001595468585,0.6543001595468585,1.720039828586703e-23
180,-0.653912827597491,0.653912827597491,1.8630024133463237e-23
1189,0.6536467393897755,0.6536467393897755,1.9679085865148736e-23
1042,0.6531512608497083,0.6531512608497083,2.1789290235721993e-23
1139,-0.6513059766837657,0.6513059766837657,3.1788661102647245e-23
965,0.6512693914403863,0.6512693914403863,3.202674739981016e-23
723,-0.6512514644442049,0.6512514644442049,3.2144049258117386e-23
20,0.6507598527423577,0.6507598527423577,3.5530374160457935e-23
969,0.6507312466404165,0.6507312466404165,3.5737852950319426e-23
976,0.6500221163668373,0.6500221163668373,4.127872771905467e-23
865,-0.6500158342876974,0.6500158342876974,4.133139884823523e-23
1061,-0.6499267041831538,0.6499267041831538,4.208584228976099e-23
563,-0.6496035429000632,0.6496035429000632,4.493631155576727e-23
391,0.6491216840793234,0.6491216840793234,4.9541782733484246e-23
124,0.6476945725736246,0.6476945725736246,6.607284528376897e-23
236,-0.6473070163165774,0.6473070163165774,7.142788513009597e-23
349,-0.647288664910259,0.647288664910259,7.169174997433325e-23
675,-0.6470873707091188,0.6470873707091188,7.464958900821547e-23
140,0.6467712576156568,0.6467712576156568,7.953793836480332e-23
574,-0.644707742062866,0.644707742062866,1.2011553746293187e-22
477,0.6445368671379418,0.6445368671379418,1.2426884822898893e-22
917,-0.6436541783873949,0.6436541783873949,1.4807265624807982e-22
110,-0.6435095176835542,0.6435095176835542,1.5237892804364089e-22
38,0.6434597207005549,0.6434597207005549,1.5388953400092327e-22
581,-0.6431734551196764,0.6431734551196764,1.628628189236765e-22
229,-0.6431285901629629,0.6431285901629629,1.6431493098305634e-22
497,-0.6409987959855857,0.6409987959855857,2.500041873429056e-22
1163,-0.6392014364613757,0.6392014364613757,3.5534879977489976e-22
286,-0.6383890231293495,0.6383890231293495,4.162438680636641e-22
863,-0.6366986432738678,0.6366986432738678,5.775908600394015e-22
1041,-0.6354180934498378,0.6354180934498378,7.392863838760043e-22
1094,-0.6344623320633165,0.6344623320633165,8.881585716128178e-22
1033,-0.6343880833569051,0.6343880833569051,9.008835443961953e-22
1026,0.6340329376340488,0.6340329376340488,9.642656462697707e-22
656,-0.6326269247375633,0.6326269247375633,1.2610201551777622e-21
770,-0.6326246974357451,0.6326246974357451,1.2615548709725426e-21
45,0.6324435999503893,0.6324435999503893,1.3057838864223665e-21
441,0.6322833299091138,0.6322833299091138,1.3461923788300656e-21
827,-0.6308763609582161,0.6308763609582161,1.75780121526375e-21
178,-0.6302108787879761,0.6302108787879761,1.9932659757851612e-21
698,0.6301522103975286,0.6301522103975286,2.0154499415226256e-21
732,-0.6293010728209016,0.6293010728209016,2.3658731979696738e-21
788,-0.6292823808121607,0.6292823808121607,2.3742037018845528e-21
1028,-0.6277947867379801,0.6277947867379801,3.138148312809169e-21
109,-0.6274203048788773,0.6274203048788773,3.365657800794469e-21
886,-0.6266563855943241,0.6266563855943241,3.8810502795539655e-21
471,0.6265751629413111,0.6265751629413111,3.9402016516430224e-21
1160,0.6262817979529643,0.6262817979529643,4.161303156012194e-21
169,-0.6256597356409968,0.6256597356409968,4.6711496338837925e-21
879,-0.6239360801553183,0.6239360801553183,6.425675745899152e-21
457,-0.6226992525983146,0.6226992525983146,8.068051949836586e-21
1251,-0.6201932110845352,0.6201932110845352,1.2756006181975576e-20
642,0.6184640347177919,0.6184640347177919,1.745619880426468e-20
399,-0.6177442232460097,0.6177442232460097,1.9879838677243182e-20
702,-0.617067225298066,0.617067225298066,2.2458738519661362e-20
336,0.616651042702202,0.616651042702202,2.4203969022305595e-20
1107,0.6164732937069012,0.6164732937069012,2.498923518557991e-20
880,0.6161418514331307,0.6161418514331307,2.652074055047032e-20
30,0.6158019782576684,0.6158019782576684,2.818666958297196e-20
75,-0.6149159595518429,0.6149159595518429,3.302686126677001e-20
188,0.6139208286436648,0.6139208286436648,3.9437386203568126e-20
1259,-0.6139205416927686,0.6139205416927686,3.9439399994952484e-20
789,-0.6138547472602883,0.6138547472602883,3.9903809010784594e-20
850,-0.6129721770283956,0.6129721770283956,4.6676404548096137e-20
785,-0.6128910041937347,0.6128910041937347,4.735310983754913e-20
967,0.6124499472826355,0.6124499472826355,5.1201513083933553e-20
252,0.6123167765777545,0.6123167765777545,5.242257240137298e-20
295,-0.612096634012766,0.612096634012766,5.450394573145484e-20
1012,0.6114893645819539,0.6114893645819539,6.067436578370646e-20
266,0.6101874060516234,0.6101874060516234,7.630059824853372e-20
115,-0.6083416001815956,0.6083416001815956,1.0539982009300817e-19
383,-0.6081871486121255,0.6081871486121255,1.0827778123429018e-19
100,-0.6070369724918036,0.6070369724918036,1.3227061617838377e-19
384,-0.6063205153701056,0.6063205153701056,1.4977230506577497e-19
534,-0.6061212318730923,0.6061212318730923,1.5503103377635963e-19
525,0.605944312024902,0.605944312024902,1.5985090852386265e-19
1151,0.6058841018340819,0.6058841018340819,1.6152447469702832e-19
276,0.6056266813944244,0.6056266813944244,1.688752414378163e-19
998,0.6053792400041736,0.6053792400041736,1.7624950141018146e-19
281,0.6052657072036192,0.6052657072036192,1.7973770939393115e-19
51,0.6052373542675668,0.6052373542675668,1.8061933136941186e-19
670,-0.6048210186728553,0.6048210186728553,1.9406349403041484e-19
1183,0.6033851235465968,0.6033851235465968,2.483875517445883e-19
259,-0.6033145682993447,0.6033145682993447,2.5141008369033586e-19
63,-0.6030924850854615,0.6030924850854615,2.6116104304448416e-19
711,-0.6016833403394864,0.6016833403394864,3.322514000362962e-19
1127,-0.6012062519423319,0.6012062519423319,3.603711478300214e-19
282,-0.5994459405490795,0.5994459405490795,4.85765111780454e-19
712,-0.5966033333752665,0.5966033333752665,7.837137899450794e-19
342,0.5966014489899185,0.5966014489899185,7.839611007805831e-19
218,0.5962798173140608,0.5962798173140608,8.273118057462088e-19
1037,0.5960809937826566,0.5960809937826566,8.552749004279496e-19
1233,-0.5948360645341224,0.5948360645341224,1.0526237039076897e-18
1116,0.5926526115257054,0.5926526115257054,1.5117425421306962e-18
211,-0.5922571372021938,0.5922571372021938,1.6137053375593901e-18
551,-0.591982558126424,0.591982558126424,1.6884274874198224e-18
144,0.5915845998159803,0.5915845998159803,1.802771359162348e-18
4,-0.5914484271260706,0.5914484271260706,1.8436116558144757e-18
278,-0.5896301713460653,0.5896301713460653,2.483910768450451e-18
13,0.5895593571079255,0.5895593571079255,2.5128223850338653e-18
64,0.5876249860719434,0.5876249860719434,3.443289134052394e-18
167,-0.5875795562402084,0.5875795562402084,3.468771103117334e-18
184,0.5870440009289013,0.5870440009289013,3.7834400232249656e-18
224,-0.5858652206972216,0.5858652206972216,4.577689698007879e-18
365,0.5840803679864696,0.5840803679864696,6.0998642535560936e-18
415,0.5813583290397404,0.5813583290397404,9.418750483553879e-18
488,0.5807515736985698,0.5807515736985698,1.0370750571116372e-17
70,0.5786757102123987,0.5786757102123987,1.4395342544479803e-17
776,-0.5775670635513908,0.5775670635513908,1.713431128314126e-17
1078,0.5772881247239633,0.5772881247239633,1.7900042926200747e-17
96,-0.577066100611109,0.577066100611109,1.8533369966585448e-17
862,-0.576868068025568,0.576868068025568,1.9116719388387246e-17
856,0.5747928362418607,0.5747928362418607,2.641852244935572e-17
984,0.5745156183982894,0.5745156183982894,2.75804545468175e-17
127,-0.5740551974673359,0.5740551974673359,2.9621623215778155e-17
1021,0.5736206238027467,0.5736206238027467,3.1683350281537146e-17
1053,-0.5726474008344096,0.5726474008344096,3.682287737202114e-17
1065,-0.5711572424652374,0.5711572424652374,4.6308947597338113e-17
938,-0.570431570965112,0.570431570965112,5.175594008517585e-17
878,0.5690820237018255,0.5690820237018255,6.360056332069845e-17
182,0.5685757623525161,0.5685757623525161,6.869584285925761e-17
638,-0.5672929853040423,0.5672929853040423,8.346034619216573e-17
836,0.5669637080807037,0.5669637080807037,8.772518181158545e-17
332,-0.5663222350161037,0.5663222350161037,9.665417470995012e-17
594,-0.5659988966401018,0.5659988966401018,1.0148573473725621e-16
561,-0.5652461842250522,0.5652461842250522,1.136662521542719e-16
1253,0.5642123169455195,0.5642123169455195,1.3275226327882504e-16
699,0.5636229919206871,0.5636229919206871,1.449980764902134e-16
419,-0.5629396548092354,0.5629396548092354,1.6058333652601834e-16
414,0.562595239073783,0.562595239073783,1.6904768097824376e-16
394,0.5616652964550188,0.5616652964550188,1.9414005501047329e-16
248,0.561626704697029,0.561626704697029,1.9525646775139305e-16
813,0.5614902437495289,0.5614902437495289,1.9925466591460753e-16
1265,0.5609668934962743,0.5609668934962743,2.1534377128309348e-16
640,-0.5608760395863706,0.5608760395863706,2.1826331553146374e-16
673,0.5604292037705693,0.5604292037705693,2.3319456503117787e-16
733,-0.5590555186955598,0.5590555186955598,2.8562462265246433e-16
510,0.5583672390797101,0.5583672390797101,3.160632027488255e-16
173,-0.5583399986107066,0.5583399986107066,3.173309303410837e-16
460,-0.5561139225042722,0.5561139225042722,4.3958610831691563e-16
677,0.5560029405057368,0.5560029405057368,4.467581632007161e-16
3,0.5555581748737318,0.5555581748737318,4.766652697387297e-16
148,-0.5554359896686216,0.5554359896686216,4.852181377367612e-16
39,0.554889234675245,0.554889234675245,5.253631543783261e-16
275,-0.5533731366662386,0.5533731366662386,6.544219461754268e-16
53,0.5515226956902974,0.5515226956902974,8.543607878663029e-16
693,0.5508238102893294,0.5508238102893294,9.444639734036335e-16
427,0.5490939101567588,0.5490939101567588,1.2092930472436914e-15
138,-0.5482924828211827,0.5482924828211827,1.3553565015372235e-15
592,-0.5471996750885146,0.5471996750885146,1.582588684756845e-15
526,0.5471212596077232,0.5471212596077232,1.600253812168894e-15
550,-0.5471177332275307,0.5471177332275307,1.6010527288326166e-15
417,-0.5468598236603629,0.5468598236603629,1.6605513380882257e-15
919,-0.5443830669123311,0.5443830669123311,2.3536476108346597e-15
136,0.5441478076163829,0.5441478076163829,2.43257484115998e-15
916,0.5439341624116592,0.5439341624116592,2.506485669985614e-15
447,-0.5422072521460736,0.5422072521460736,3.190066145355572e-15
1080,0.5380288588240925,0.5380288588240925,5.685221117286929e-15
320,0.5368363355362844,0.5368363355362844,6.694750130737372e-15
868,0.5356169093846044,0.5356169093846044,7.907408251088641e-15
809,-0.535248049789606,0.535248049789606,8.314699529187214e-15
132,-0.5327350731233875,0.5327350731233875,1.1688161527719362e-14
1117,0.5315409932930154,0.5315409932930154,1.3727602268326824e-14
553,-0.5302790262984914,0.5302790262984914,1.6259840064643076e-14
491,0.5300908468254557,0.5300908468254557,1.667452091780568e-14
478,0.5300544591452889,0.5300544591452889,1.67558882601212e-14
596,-0.5292181386483372,0.5292181386483372,1.8736445066100877e-14
312,0.5276711304266524,0.5276711304266524,2.3019024935531732e-14
143,0.5265153038469675,0.5265153038469675,2.6827772323866575e-14
1195,0.5262050514153431,0.5262050514153431,2.7950609583779635e-14
1003,0.5241510541139002,0.5241510541139002,3.662875544652485e-14
500,0.5234203186950972,0.5234203186950972,4.030965838592321e-14
853,0.5229966054267371,0.5229966054267371,4.260665916206197e-14
876,0.5206268554035502,0.5206268554035502,5.800596951127094e-14
994,0.5196730130606566,0.5196730130606566,6.563171760777644e-14
88,0.5184429817468155,0.5184429817468155,7.692012302540257e-14
35,-0.5153561985166648,0.5153561985166648,1.14233818996131e-13
1219,-0.5150733594875764,0.5150733594875764,1.1842568076055534e-13
321,0.5150720990300175,0.5150720990300175,1.184446929069332e-13
422,0.5138730568019756,0.5138730568019756,1.37944748684336e-13
636,-0.5136277811225749,0.5136277811225749,1.4230264492527978e-13
617,0.5136166896428622,0.5136166896428622,1.4250284846463641e-13
1101,0.5133997343504136,0.5133997343504136,1.4647457234088186e-13
611,0.5099621594883803,0.5099621594883803,2.2584070329207261e-13
274,0.5099343338335185,0.5099343338335185,2.2662912843110208e-13
1004,0.5096439846462942,0.5096439846462942,2.350176054990938e-13
703,0.5076885950654154,0.5076885950654154,2.9992709518633315e-13
1226,-0.5076619287051946,0.5076619287051946,3.009230435479339e-13
191,-0.5049821099256439,0.5049821099256439,4.1928135046989304e-13
1069,0.5048430823834306,0.5048430823834306,4.2652504147209643e-13
810,-0.5044250566113436,0.5044250566113436,4.4904688700031744e-13
254,0.5030267816529679,0.5030267816529679,5.331153513000639e-13
130,0.4985349211518238,0.4985349211518238,9.203667368217486e-13
778,0.49817279751942883,0.49817279751942883,9.614532043910628e-13
444,0.4979449224478338,0.4979449224478338,9.88216969096194e-13
513,-0.49684616936016074,0.49684616936016074,1.1277781102578823e-12
1216,0.4960299313469567,0.4960299313469567,1.2436870687650373e-12
936,-0.4947791100691679,0.4947791100691679,1.4441146608941147e-12
1114,0.490907702698059,0.490907702698059,2.284452562579664e-12
315,0.49031939209903075,0.49031939209903075,2.448114786403366e-12
1,0.48733351616109843,0.48733351616109843,3.4710667815751135e-12
666,-0.486849758365761,0.486849758365761,3.671906809619576e-12
261,-0.4857243000319275,0.4857243000319275,4.183856135643083e-12
680,0.48557036811713794,0.48557036811713794,4.2590589263088134e-12
928,0.4847454147094646,0.4847454147094646,4.6850220489899165e-12
817,0.4845858516735263,0.4845858516735263,4.772062238067739e-12
479,-0.4845248814555987,0.4845248814555987,4.805734237163167e-12
1045,0.4842429877267558,0.4842429877267558,4.964441076983087e-12
803,0.48261361184402046,0.48261361184402046,5.986584451411006e-12
832,-0.4822770692748371,0.4822770692748371,6.221853278603602e-12
15,0.4801055975323035,0.4801055975323035,7.970722513828644e-12
1130,-0.479067829468716,0.479067829468716,8.966927404128198e-12
618,0.47760653748211995,0.47760653748211995,1.0577231341087522e-11
806,0.4776055862407669,0.4776055862407669,1.057836589964078e-11
808,0.47578960774746965,0.47578960774746965,1.2974331057968959e-11
186,-0.47482245945627455,0.47482245945627455,1.4457537397767644e-11
280,0.4747896206768305,0.4747896206768305,1.4510684799917752e-11
1099,-0.47439606859305816,0.47439606859305816,1.5162570546657478e-11
924,-0.4734202464280967,0.4734202464280967,1.6904005473397018e-11
514,-0.4732472055288428,0.4732472055288428,1.7232446532964067e-11
1161,0.47238710735396394,0.47238710735396394,1.8959090695371333e-11
406,-0.4720927098187132,0.4720927098187132,1.9587801613395832e-11
927,0.4718041907260117,0.4718041907260117,2.0223573110822815e-11
626,-0.47177706262251157,0.47177706262251157,2.0284371724979704e-11
1229,0.4709155588494321,0.4709155588494321,2.2310155630478298e-11
340,-0.4705707036115798,0.4705707036115798,2.3174955486909172e-11
7,-0.46885627407353847,0.46885627407353847,2.7980519254526042e-11
98,0.46877783011187985,0.46877783011187985,2.822210303365055e-11
135,0.46845744180470206,0.46845744180470206,2.922999041719983e-11
126,0.4661084800603405,0.4661084800603405,3.7763818952029833e-11
474,-0.46587237623436717,0.46587237623436717,3.874459419159327e-11
679,-0.46564280044512296,0.46564280044512296,3.972192543743598e-11
348,0.46496209959918944,0.46496209959918944,4.276242609375693e-11
1170,0.46476936281232134,0.46476936281232134,4.366356834624701e-11
504,-0.46387188880709107,0.46387188880709107,4.8108084851535067e-11
624,0.46111529196378925,0.46111529196378925,6.467893323997045e-11
1185,0.46080373634135136,0.46080373634135136,6.686813334835193e-11
82,-0.46056901911666787,0.46056901911666787,6.856470025444083e-11
409,-0.4601944437548712,0.4601944437548712,7.135897532385457e-11
1097,-0.45917634718835826,0.45917634718835826,7.952330286997041e-11
521,-0.4565522482470396,0.4565522482470396,1.0496399290683244e-10
730,0.45588813820519275,0.45588813820519275,1.1256054312141778e-10
783,0.4554096283082019,0.4554096283082019,1.183615891693514e-10
495,0.4536316688009131,0.4536316688009131,1.4256305664694329e-10
171,-0.452842039604757,0.452842039604757,1.5478944694927753e-10
95,0.4499375227229028,0.4499375227229028,2.0912227664477875e-10
244,0.44922605241245395,0.44922605241245395,2.25018659951193e-10
106,-0.4487278261131705,0.4487278261131705,2.368407743870302e-10
779,0.44644498774403957,0.44644498774403957,2.991514500056046e-10
231,-0.4458850851871584,0.4458850851871584,3.167051556574674e-10
570,-0.44045719442602366,0.44045719442602366,5.475312152746945e-10
696,-0.43805635287191697,0.43805635287191697,6.954122187832533e-10
839,0.4377105099994624,0.4377105099994624,7.196693191454331e-10
921,-0.43749710477253634,0.43749710477253634,7.350435270650563e-10
1181,0.43639693667009305,0.43639693667009305,8.194797196059043e-10
738,0.43610210678053185,0.43610210678053185,8.436556913405152e-10
891,-0.435779584957621,0.435779584957621,8.708922296575814e-10
388,-0.4324910288331295,0.4324910288331295,1.2018304404482153e-09
1247,0.431575565840297,0.431575565840297,1.3137627161450597e-09
603,-0.4289978293924321,0.4289978293924321,1.6857623719601819e-09
311,-0.42850445296155765,0.42850445296155765,1.7677364299963285e-09
950,0.4284751937946786,0.4284751937946786,1.7727169091816722e-09
547,-0.4265450801694961,0.4265450801694961,2.132971244326055e-09
940,-0.4262954191312579,0.4262954191312579,2.184443788319543e-09
896,0.42358294610198965,0.42358294610198965,2.826908775875462e-09
1145,-0.422082538487631,0.422082538487631,3.257048895111874e-09
111,-0.42187227085804785,0.42187227085804785,3.322160520360751e-09
1128,-0.42179796996482055,0.42179796996482055,3.345467631152507e-09
742,0.42062623824370354,0.42062623824370354,3.734573268918577e-09
874,-0.4205749579505393,0.4205749579505393,3.752563596051633e-09
490,0.4177825212213367,0.4177825212213367,4.86913729433344e-09
1019,0.416807658257933,0.416807658257933,5.329689517018185e-09
719,0.4148851195438353,0.4148851195438353,6.364159467391527e-09
195,-0.4132426342883464,0.4132426342883464,7.399031871226595e-09
1013,-0.41304925702255996,0.41304925702255996,7.531050786733376e-09
991,-0.41173141445972744,0.41173141445972744,8.493154101909146e-09
704,0.4116531353516839,0.4116531353516839,8.553884044129271e-09
647,0.40921266206844475,0.40921266206844475,1.0671786384202421e-08
781,-0.4074853890683139,0.4074853890683139,1.2467250004125575e-08
334,-0.4066891895510501,0.4066891895510501,1.3389733182501645e-08
193,-0.4058968180756457,0.4058968180756457,1.4372875204385366e-08
1110,0.40299335928767,0.40299335928767,1.8604424043378677e-08
226,-0.40253773297635953,0.40253773297635953,1.9368954842776982e-08
586,-0.39722957893516647,0.39722957893516647,3.0827837100289555e-08
114,-0.3970041901951778,0.3970041901951778,3.1436570579207304e-08
1197,-0.3968912737338364,0.3968912737338364,3.174586795715577e-08
1098,-0.3951097627424546,0.3951097627424546,3.703079076780556e-08
93,-0.39430528029370976,0.39430528029370976,3.968563249682341e-08
961,0.3939548342351946,0.3939548342351946,4.0898503247119386e-08
454,0.3935598700823832,0.3935598700823832,4.2308164186641477e-08
913,0.39319691630211867,0.39319691630211867,4.3644672406164844e-08
503,0.39093637722995733,0.39093637722995733,5.2928630087022575e-08
473,-0.389945732001086,0.389945732001086,5.7570414685096115e-08
687,-0.38980048021761704,0.38980048021761704,5.828305396386548e-08
555,0.38706120135370065,0.38706120135370065,7.342136650543022e-08
396,-0.3843727613113617,0.3843727613113617,9.190870795178325e-08
1068,0.3833511303747008,0.3833511303747008,1.0004421223090909e-07
826,0.3831505101731629,0.3831505101731629,1.0172101251979167e-07
23,0.38235590613298526,0.38235590613298526,1.0863121494238366e-07
1150,-0.3784743424646701,0.3784743424646701,1.4938427286034464e-07
1044,0.37399087931134833,0.37399087931134833,2.1472657293641011e-07
821,-0.3737925215891555,0.3737925215891555,2.1817393328152207e-07
734,-0.37287101482033236,0.37287101482033236,2.3489670797914008e-07
942,0.37191420240495343,0.37191420240495343,2.535565305637208e-07
392,-0.37027487880147847,0.37027487880147847,2.8887187891677113e-07
31,-0.37019506130113233,0.37019506130113233,2.9070639420461874e-07
1118,-0.36831086550759246,0.36831086550759246,3.3739704756929124e-07
1032,0.36824518634351255,0.36824518634351255,3.3914757056248323e-07
925,-0.3678055148142761,0.3678055148142761,3.510918194488778e-07
327,0.36736484977972006,0.36736484977972006,3.634664160417006e-07
728,-0.36597086135208157,0.36597086135208157,4.0542024896992296e-07
995,0.36422681113066513,0.36422681113066513,4.644573044196907e-07
763,-0.36418435179190556,0.36418435179190556,4.6599236882311016e-07
782,0.3628719505244036,0.3628719505244036,5.15906380255597e-07
445,0.3590201718624078,0.3590201718624078,6.936478778838799e-07
1274,-0.3562193644183463,0.3562193644183463,8.581709892757623e-07
92,-0.35445726958663437,0.35445726958663437,9.801143155760232e-07
331,-0.3528782804678009,0.3528782804678009,1.1032878775055989e-06
381,-0.3525032480472869,0.3525032480472869,1.1346427595176683e-06
1072,-0.35141058541463155,0.35141058541463155,1.23091597780648e-06
487,-0.3493752588233164,0.3493752588233164,1.4313927871086669e-06
909,-0.3492219293902069,0.3492219293902069,1.4476946034653941e-06
508,0.34892627527744413,0.34892627527744413,1.479629269784755e-06
263,0.3478438274029287,0.3478438274029287,1.6023747930333903e-06
1111,0.3478208826953074,0.3478208826953074,1.6050788216913543e-06
658,0.3460707711661702,0.3460707711661702,1.8246488490714308e-06
189,-0.34517905514549474,0.34517905514549474,1.947250416552194e-06
1228,-0.34495694900069396,0.34495694900069396,1.978986588150203e-06
310,0.3414984265810102,0.3414984265810102,2.5414278172888183e-06
529,-0.34094653781169576,0.34094653781169576,2.6441915858404527e-06
959,-0.34018932167887234,0.34018932167887234,2.791639037268412e-06
982,-0.3397067850998551,0.3397067850998551,2.889645933235666e-06
665,-0.3355060230404943,0.3355060230404943,3.892630628424415e-06
313,0.33539281077147115,0.33539281077147115,3.923777542720844e-06
1223,0.33339356157083244,0.33339356157083244,4.514412870553307e-06
944,0.3329047139728018,0.3329047139728018,4.671182186715909e-06
992,0.3327555044972455,0.3327555044972455,4.720053303508663e-06
605,-0.33175621202728356,0.33175621202728356,5.060090004154204e-06
316,0.3282149107359928,0.3282149107359928,6.462072170265619e-06
122,-0.3277528061718837,0.3277528061718837,6.6701290208176796e-06
1257,-0.3252400019741678,0.3252400019741678,7.917337969688843e-06
769,-0.32254854748977296,0.32254854748977296,9.49699695210893e-06
58,0.3194008455590066,0.3194008455590066,1.1722865614641832e-05
367,0.3176703267539467,0.3176703267539467,1.314843186660769e-05
222,-0.3173778277821935,0.3173778277821935,1.3405028965533544e-05
1272,0.3171423626563695,0.3171423626563695,1.3615026457927352e-05
1235,-0.316040176472752,0.316040176472752,1.4640045961951832e-05
397,-0.31499892315109496,0.31499892315109496,1.5675072769108544e-05
736,-0.3149453670541979,0.3149453670541979,1.5730136111368328e-05
387,0.3104559753449087,0.3104559753449087,2.1055029853006905e-05
960,0.31043406810490914,0.31043406810490914,2.108476427382769e-05
1238,-0.30984606888882843,0.30984606888882843,2.1897817332428572e-05
116,-0.30963312917597596,0.30963312917597596,2.2199489487013926e-05
86,0.3080140357704123,0.3080140357704123,2.4624931769622068e-05
1047,0.30498109666082085,0.30498109666082085,2.9855388512053876e-05
653,-0.30345419555713593,0.30345419555713593,3.286900321266705e-05
187,-0.30153006407086463,0.30153006407086463,3.707535136950092e-05
141,0.3009995826794743,0.3009995826794743,3.8321230255066344e-05
1231,-0.2992763928893366,0.2992763928893366,4.2645663035643644e-05
97,0.2965625767431853,0.2965625767431853,5.039784930588039e-05
329,-0.29033221138483095,0.29033221138483095,7.3488301250646e-05
364,-0.2878382504628164,0.2878382504628164,8.52576182113638e-05
378,-0.287627313710575,0.287627313710575,8.63301131481172e-05
355,0.2847860822798349,0.2847860822798349,0.00010206430378793364
421,0.2841355284318164,0.2841355284318164,0.0001060263422635327
541,-0.2807116176462542,0.2807116176462542,0.0001293598419216235
912,-0.28035912628008386,0.28035912628008386,0.00013201692645133475
910,-0.2791571216389505,0.2791571216389505,0.00014146601822026146
587,-0.2775346052120105,0.2775346052120105,0.00015522482960598949
935,-0.2757361119786195,0.2757361119786195,0.00017193023931221297
610,0.275090843393628,0.275090843393628,0.00017832200402385752
199,0.27477660074140514,0.27477660074140514,0.00018151435124776218
1100,-0.2737876416007031,0.2737876416007031,0.00019191212100350014
901,-0.27229034770644184,0.27229034770644184,0.00020871537834368168
516,0.2718271897219704,0.2718271897219704,0.00021418438083549234
373,0.27143185845082896,0.27143185845082896,0.00021895772819912547
234,-0.2681898583374275,0.2681898583374275,0.0002620074611833225
701,0.26683136553030495,0.26683136553030495,0.00028228579069983185
1060,-0.2628062443042165,0.2628062443042165,0.00035125077936638897
390,0.262764561349146,0.262764561349146,0.00035204045088754266
744,0.2618904452501644,0.2618904452501644,0.00036898438703905905
494,0.26093124951732016,0.26093124951732016,0.0003884455703344567
775,0.2590010862042361,0.2590010862042361,0.00043052105980621093
475,-0.2579467335234246,0.2579467335234246,0.00045524926819309514
304,-0.2574449621910086,0.2574449621910086,0.00046747334327638663
253,-0.2546246719290641,0.2546246719290641,0.0005420178800515804
1087,-0.252674319675779,0.252674319675779,0.0005998334446559665
1030,-0.2464050673869431,0.2464050673869431,0.0008264459321774376
112,0.24605815838606102,0.24605815838606102,0.0008410349569165716
1261,-0.24460308837318406,0.24460308837318406,0.0009048438229927643
752,0.2444166822340167,0.2444166822340167,0.000913332168254278
465,-0.24364285277278014,0.24364285277278014,0.0009493580560485026
507,0.24074894170085878,0.24074894170085878,0.0010959603167609575
204,-0.24022930762396855,0.24022930762396855,0.0011243854412593156
1203,0.23997486420626976,0.23997486420626976,0.001138549133399599
306,-0.2379418290503082,0.2379418290503082,0.001257729282999929
691,0.2373705700985747,0.2373705700985747,0.0012932153362284387
757,-0.23685644313888216,0.23685644313888216,0.0013259333810687272
1018,-0.23505229947669604,0.23505229947669604,0.0014468281155085706
1200,-0.2338235416981476,0.2338235416981476,0.0015348455806592778
1177,0.2265576707817809,0.2265576707817809,0.0021630300502366506
838,0.22571323243768468,0.22571323243768468,0.002249496824884368
79,0.22436923625584146,0.22436923625584146,0.0023936094698500396
706,-0.22433048627404775,0.22433048627404775,0.0023978860974065343
1001,0.22291529477042424,0.22291529477042424,0.0025589056322927227
232,-0.21893346102948807,0.21893346102948807,0.003065920474342281
147,-0.21733588554679717,0.21733588554679717,0.0032936924576665886
151,0.2168222023821613,0.2168222023821613,0.0033701130342348113
1254,-0.21537957553204085,0.21537957553204085,0.003593368616590843
412,-0.21325309740041756,0.21325309740041756,0.003946816007823909
818,-0.2128924363750211,0.2128924363750211,0.004009775154005112
623,-0.2115986926802125,0.2115986926802125,0.004243125414267257
128,0.21103664251683532,0.21103664251683532,0.004348253123148621
1256,0.21068044876614517,0.21068044876614517,0.004416083021661531
932,0.20834708609438843,0.20834708609438843,0.004884437053902243
10,0.20728184203233474,0.20728184203233474,0.005112700714025564
811,-0.20707563953134278,0.20707563953134278,0.005157975097130939
294,0.2065583763720189,0.2065583763720189,0.005273131697936991
429,-0.20452199792478906,0.20452199792478906,0.005749187199170851
1148,-0.19586765270708784,0.19586765270708784,0.008229179441057234
845,-0.19503911124703127,0.19503911124703127,0.008510375582375785
1192,0.19502827647545862,0.19502827647545862,0.008514108511487322
103,0.19455721964915212,0.19455721964915212,0.008677812892621284
685,0.19314799427610851,0.19314799427610851,0.009184332448314056
688,-0.1928585413670257,0.1928585413670257,0.009291552566403034
1133,0.19068430260832292,0.19068430260832292,0.010132969152174869
870,0.19062478057845839,0.19062478057845839,0.010156920606255093
621,0.1896757150193422,0.1896757150193422,0.01054563048382043
777,0.1895111687273629,0.1895111687273629,0.0106143424049009
413,0.18895201775409265,0.18895201775409265,0.010850794366389943
1205,-0.18878717887753058,0.18878717887753058,0.010921381229698903
159,0.18854595418061557,0.18854595418061557,0.011025407144915421
443,-0.1871046975613404,0.1871046975613404,0.01166531532332868
645,0.18487823357980843,0.18487823357980843,0.012718109750645249
1211,0.18044423980866434,0.18044423980866434,0.015065638637307895
548,0.18029941483527276,0.18029941483527276,0.015148311777502152
918,0.1792732256543013,0.1792732256543013,0.015745541755954363
107,-0.17876674764678138,0.17876674764678138,0.016047802473712798
784,0.17819088910256442,0.17819088910256442,0.016397602171029882
1202,0.1780894491091332,0.1780894491091332,0.01645990416558286
1180,0.17616922915114216,0.17616922915114216,0.017678761527886545
754,0.17468126180542845,0.17468126180542845,0.018676469711498417
1084,0.16664260992082497,0.16664260992082497,0.024953905164140356
1167,-0.16594358846434737,0.16594358846434737,0.025576813984169295
977,-0.1658434327864879,0.1658434327864879,0.025667147685627018
74,0.16261404512707756,0.16261404512707756,0.02873010651957681
1113,0.16184176017347351,0.16184176017347351,0.02950718732935028
937,-0.1606691348393932,0.1606691348393932,0.030721338040654782
1024,0.15931041403062934,0.15931041403062934,0.03218112677360408
980,0.15774721481887288,0.15774721481887288,0.03393311590788297
156,0.1568274839051206,0.1568274839051206,0.035001221077607746
72,0.15554491308106108,0.15554491308106108,0.03653811708113347
877,-0.15451935913686551,0.15451935913686551,0.037807702532648604
0,0.15375099273096038,0.15375099273096038,0.03878310999618217
791,0.1529416923670284,0.1529416923670284,0.039833320137690316
739,-0.15108482243112964,0.15108482243112964,0.042333641024514077
898,-0.14776576859946378,0.14776576859946378,0.047130774863513254
933,-0.14661713662165077,0.14661713662165077,0.048893125853388654
210,-0.14322323466445044,0.14322323466445044,0.05442354797812179
1166,-0.14261330357604093,0.14261330357604093,0.05547032709306229
639,-0.1412621776686512,0.1412621776686512,0.057848480914314576
819,0.1398890484423011,0.1398890484423011,0.06035082652070649
260,-0.13979022594726354,0.13979022594726354,0.06053429752768571
464,-0.13643897548846864,0.13643897548846864,0.06703257738397159
975,0.13616185070220094,0.13616185070220094,0.06759450585861038
715,-0.13539032626425668,0.13539032626425668,0.06917920057355764
1017,0.13254493140195625,0.13254493140195625,0.07528705774208345
1106,0.13242678290191426,0.13242678290191426,0.07554982175146643
614,0.13183826016102473,0.13183826016102473,0.07686978207049856
52,-0.13011538620292573,0.13011538620292573,0.08084134636986492
1062,0.12779189773694752,0.12779189773694752,0.08645729287267274
631,-0.12429213632487052,0.12429213632487052,0.09550142613150472
60,0.12398106119046927,0.12398106119046927,0.09634037342891215
459,-0.12381286753387057,0.12381286753387057,0.09679640905283948
428,0.12239155339580733,0.12239155339580733,0.10071881008685112
654,0.11824722802620914,0.11824722802620914,0.11287562148841247
34,-0.11444256050676738,0.11444256050676738,0.12501865382923855
911,0.11432081160154166,0.11432081160154166,0.1254232802848103
200,-0.11369696118579872,0.11369696118579872,0.12751251394627855
951,0.10779072531614745,0.10779072531614745,0.14864321014885834
289,0.10646639259323015,0.10646639259323015,0.15372610635280082
641,-0.10558646806859114,0.10558646806859114,0.1571750749690485
208,0.10287590802109893,0.10287590802109893,0.1681649379921869
243,0.10127815177763451,0.10127815177763451,0.17490546512659452
855,0.10104773153866628,0.10104773153866628,0.17589381812181723
996,0.10088952258536911,0.10088952258536911,0.1765748189504707
973,-0.09887770727297555,0.09887770727297555,0.18540513007701018
250,0.0966300999000895,0.0966300999000895,0.1956485949479094
172,-0.09632547484350516,0.09632547484350516,0.19706797374756505
296,-0.09593936222853383,0.09593936222853383,0.19887776085202913
804,-0.09065831835462383,0.09065831835462383,0.2248493681521565
192,0.08869396347062264,0.08869396347062264,0.2350975825784354
735,-0.08849351697862895,0.08849351697862895,0.23616147410968988
12,0.08795268858406675,0.08795268858406675,0.2390488103427357
604,0.0868478536153488,0.0868478536153488,0.24502375183049074
1002,0.08479539054849618,0.08479539054849618,0.25639751160399854
174,0.08360039959701808,0.08360039959701808,0.26318451770838996
94,0.08287746290856365,0.08287746290856365,0.26734964262395633
292,0.08214305483570704,0.08214305483570704,0.2716266436240485
1135,0.0800630603171738,0.0800630603171738,0.28399109240913034
1071,-0.07677167315402994,0.07677167315402994,0.3043176632305356
1054,-0.07616652621622143,0.07616652621622143,0.30815660297141545
219,0.07570483206051731,0.07570483206051731,0.31110677722629365
1224,-0.0743917865688129,0.0743917865688129,0.31959764345864217
1063,0.07437830765955566,0.07437830765955566,0.3196855776641365
302,-0.07334892031305504,0.07334892031305504,0.3264474862666695
377,0.07330300728675053,0.07330300728675053,0.3267512141803826
848,0.07060430291874106,0.07060430291874106,0.34492332585770313
768,-0.06959323843165593,0.06959323843165593,0.3518929479702047
1123,0.06419301493628304,0.06419301493628304,0.3905991701155885
949,0.06309835847552035,0.06309835847552035,0.39874675400285486
904,-0.06191159928519517,0.06191159928519517,0.407693523120942
799,-0.061357913955657546,0.061357913955657546,0.41190792456602726
49,0.06086367592003785,0.06086367592003785,0.4156913951831991
1182,-0.06036387552136672,0.06036387552136672,0.41953806340756605
678,-0.06031913665849122,0.06031913665849122,0.4198834009253494
560,-0.05900088532997367,0.05900088532997367,0.43013306285662833
512,-0.057168794160213414,0.057168794160213414,0.44461442404214774
929,-0.054337068464221955,0.054337068464221955,0.4675306078318634
814,-0.05356016584373271,0.05356016584373271,0.47392941623553625
307,-0.052597430909835305,0.052597430909835305,0.48192457445100817
831,0.05087604853975214,0.05087604853975214,0.49639947671113677
708,0.049746787194353964,0.049746787194353964,0.5060187121257795
718,-0.049429743654058826,0.049429743654058826,0.5087367198762913
828,-0.04665408860461369,0.04665408860461369,0.5328523800924277
425,0.046031098424574556,0.046031098424574556,0.5383428202475352
1043,0.045543633884344736,0.045543633884344736,0.5426584038780188
681,-0.045227371297982454,0.045227371297982454,0.5454674298862657
47,0.04345450322464297,0.04345450322464297,0.5613451284981792
869,-0.04293047172593967,0.04293047172593967,0.56608040943885
946,0.04138105330577443,0.04138105330577443,0.5801914618371083
632,0.03932731500434437,0.03932731500434437,0.5991434367097989
1081,-0.037293309722606846,0.037293309722606846,0.6181827128864527
239,-0.03684214033255706,0.03684214033255706,0.6224411716050423
544,0.03665582647514416,0.03665582647514416,0.6242034070576592
558,0.03435056678009336,0.03435056678009336,0.6461814761235376
812,-0.034267949936499724,0.034267949936499724,0.6469749983131622
527,-0.03385134988901884,0.03385134988901884,0.6509824292393169
661,-0.03182677756683875,0.03182677756683875,0.6705984885447216
1079,-0.031506386857023234,0.031506386857023234,0.6737236949777748
223,0.028645978627559358,0.028645978627559358,0.7018674972366777
537,0.028155332537047554,0.028155332537047554,0.7067373247551073
939,-0.02670199635614569,0.02670199635614569,0.7212314975830953
1055,0.02579295448973712,0.02579295448973712,0.7303485276883412
908,-0.022082174810686493,0.022082174810686493,0.7679457379747223
575,0.021681806147281962,0.021681806147281962,0.7720365703997276
722,0.021304477915518188,0.021304477915518188,0.7758977457722248
350,0.019659840039178988,0.019659840039178988,0.7927902744793376
1245,-0.01932878174015201,0.01932878174015201,0.7962026356646892
748,0.018170449952328898,0.018170449952328898,0.8081721027742218
61,-0.01776773232859834,0.01776773232859834,0.812344137702642
835,-0.01417255124466784,0.01417255124466784,0.8498101349865523
957,0.009283065350120544,0.009283065350120544,0.9012928814931493
1089,-0.005880615022717972,0.005880615022717972,0.9373761303902384
536,0.005825816846779073,0.005825816846779073,0.9379585142138182
230,0.005557618677139851,0.005557618677139851,0.9408093385341669
1220,-0.005163752479485695,0.005163752479485695,0.9449973100319549
1208,0.0031652340618717107,0.0031652340618717107,0.9662683556667583
1209,0.002389587755325373,0.002389587755325373,0.974531119471166
1131,-0.0018441700391687924,0.0018441700391687924,0.9803429919593996
